9788363014063|Życiologia|Miłosz Brzeziński|True
8370540791|Krew elfów|Andrzej Sapkowski|True
8370540910|Czas pogardy|Andrzej Sapkowski|True
9788375780321|Chrzest ognia|Andrzej Sapkowski|True
8370541240|Wieża Jaskółki|Andrzej Sapkowski|True
9788375781861|Pani Jeziora|Andrzej Sapkowski|True
9788375780642|Miecz przeznaczenia|Andrzej Sapkowski|True
9788375780284|Ostatnie życzenie|Andrzej Sapkowski|True
4681289461686|Siła Pędu|Lech Kaniuk|True
9788654156684|Głaskologia|Miłosz Brzeziński|True
9788185684311|Wy wszyscy moi Ja|Miłosz Brzeziński|True
